Tier,Region,Course,City,Type,Website / outings page,Phone (public),Known outing contact,Notes,Decision maker,Title,Email,LinkedIn,Status,Last contact,Next step
A+,Central (Stevens Point / Wausau),Golf in Wausau (Trapp River + Tribute),Wausau,"Two courses, one operator",https://www.golfinwausau.com/trapp-river/outings,,,One deal covers both courses.,,,,,Not contacted,,
A+,Milwaukee metro,Milwaukee Golf Company (6 courses),Grafton / Germantown / Menomonee Falls / Pewaukee / Oconomowoc / Slinger,Management company,https://www.milwaukeegolfcompany.com/golf-outings/,,,One yes = up to 6 courses. Groups 24-288. Pitch after you have 2-3 results.,,,,,Not contacted,,
A+,West (Eau Claire / La Crosse / Hudson),Wild Ridge & Mill Run Golf Courses,Eau Claire,"Public, 36 holes",https://www.wildridgegolf.com/,,,Outings up to 288 golfers.,,,,,Not contacted,,
A,Central (Stevens Point / Wausau),Bullseye Golf Club,Wisconsin Rapids,Semi-private,https://bullseyegolfclub.com/outings,,,,,,,,Not contacted,,
A,Central (Stevens Point / Wausau),Riveredge Golf Course,Marshfield,Public,,,,,,,,,Not contacted,,
A,Central (Stevens Point / Wausau),Stevens Point Country Club,Stevens Point,Semi-private,,,,Banquet space for up to 200.,,,,,Not contacted,,
A,Central (Stevens Point / Wausau),Wisconsin River Golf Club,Stevens Point,Public,,715-344-9152,,,,,,,Not contacted,,
A,Dells / Baraboo / Portage,Baraboo Country Club,Baraboo,Semi-private,https://baraboocc.com/group-rates/,,,Group rates for 12+. Phone in search result looked wrong: get it from their site.,,,,,Not contacted,,
A,Dells / Baraboo / Portage,Fairfield Hills Golf Course & Range,Baraboo,Public,https://www.fairfieldhillsgolfcourse.com/events/outings,608-356-5524,,Outings up to 100. Has simulators.,,,,,Not contacted,,
A,Dells / Baraboo / Portage,Portage Golf Club,Portage,Semi-private,https://portagecc.net/calendar/,608-335-2142,Mark (outing contact),Outing rates $48 weekday / $55 weekend.,,,,,Not contacted,,
A,Dells / Baraboo / Portage,Reedsburg Country Club,Reedsburg,Semi-private,https://reedsburgcountryclub.com/outings-and-tournaments/,,,,,,,,Not contacted,,
A,Door County / Manitowoc,Autumn Ridge Golf Course,Valders,Public,https://autumnridgegolfcourse.com/,,,,,,,,Not contacted,,
A,Door County / Manitowoc,Idlewild Golf Club,Sturgeon Bay,Public,,,,Hosts many charity outings.,,,,,Not contacted,,
A,Door County / Manitowoc,Seven Lakes Golf and Dining,Manitowoc County,Public,,,,Confirm location.,,,,,Not contacted,,
A,Door County / Manitowoc,The Orchards at Egg Harbor,Egg Harbor,Public,https://www.orchardsateggharbor.com/,,,"Clubhouse built for outings, meetings and weddings.",,,,,Not contacted,,
A,Fox Valley / Green Bay,Crystal Springs Golf Course,Fox Valley / Green Bay area,Public,https://www.crystalspringsgolf.com/,,,Markets itself as the area's premier outing venue.,,,,,Not contacted,,
A,Fox Valley / Green Bay,Fox Valley Golf Club,Kaukauna,Semi-private,https://www.foxvalleygolfclub.com/events,920-766-1340 ext 2,"Steve Nockerts (steve@foxvalleygolfclub.com, listed publicly)",Non-members can book outings.,,,,,Not contacted,,
A,Fox Valley / Green Bay,Lake Breeze Golf Club,Winneconne,Public,,,,6333 Ball Prairie Rd.,,,,,Not contacted,,
A,Fox Valley / Green Bay,Ledgeview Golf Course,De Pere,Public,https://ledgeviewgolfcourse.com/,,,,,,,,Not contacted,,
A,Fox Valley / Green Bay,Ridgeway Country Club,Neenah,Semi-private,,920-722-2979,,,,,,,Not contacted,,
A,Fox Valley / Green Bay,Royal St. Patrick's Golf Links,Wrightstown,Public,https://www.royalstpatricks.com/,,,Halfway between Appleton and Green Bay. Hosts many outings.,,,,,Not contacted,,
A,Janesville / Beloit,Bass Creek Golf Club,Janesville area,Public,,,,,,,,,Not contacted,,
A,Janesville / Beloit,Blackhawk Golf Course,Janesville area,Public,,,,,,,,,Not contacted,,
A,Janesville / Beloit,Cecelia's Golf Course,Janesville,"Public, 9 holes",https://ceceliasgolf.com/,608-754-8550,,,,,,,Not contacted,,
A,Janesville / Beloit,Glen Erin Golf Club,Janesville,Public,https://www.gleneringolf.com/outings-events,608-741-1100,,"Already uses outing software: pitch follow-up and rebooking, not the form.",,,,,Not contacted,,
A,Madison,Coachman's Golf Resort,Edgerton,Public,,,,Customizes outing packages.,,,,,Not contacted,,
A,Madison,Door Creek Golf Course,Cottage Grove,Public,https://doorcreekgolfcourse.com/tournaments/,,,,,,,,Not contacted,,
A,Madison,Meadows of Six Mile Creek,Waunakee,Public,,,,,,,,,Not contacted,,
A,Madison,Pioneer Pointe Golf Course,Verona,Public,,,,Confirm name and status before contacting.,,,,,Not contacted,,
A,Madison,Pleasant View Golf Course,Middleton,"Public, 27 holes",,,,Very popular. Check whether city-owned.,,,,,Not contacted,,
A,Madison,Sun Prairie Golf Course,Sun Prairie,Public,,,,,,,,,Not contacted,,
A,Madison,The Bridges Golf Course,Madison,Public,https://www.golfthebridges.com/events/,608-244-1822 ext 3,"Becky Iverson, Director of Golf",Named outing contact. Pitches 'help your charity make more money': speak to that.,,,,,Not contacted,,
A,Madison,The Oaks Golf Course,Cottage Grove,Public,https://golftheoaks.com/outings/,,,,,,,,Not contacted,,
A,Madison,Tumbledown Trails Golf Course,Verona,Public,,,,,,,,,Not contacted,,
A,Milwaukee metro,Broadlands Golf Club,North Prairie,Public,https://www.broadlandsgolfclub.com/outings,,,,,,,,Not contacted,,
A,Milwaukee metro,Deertrak Golf Club,Oconomowoc,Public,,,,,,,,,Not contacted,,
A,Milwaukee metro,Hartford Golf Club,Hartford,Public,,,,,,,,,Not contacted,,
A,Milwaukee metro,Hidden Glen at Bentdale Farms,Cedarburg,Public,,,,,,,,,Not contacted,,
A,Milwaukee metro,Kettle Hills Golf Course,Richfield,"Public, 45 holes",,,,Calls itself 'the golf outing golf course for Milwaukee'. Outings are core business: top target.,,,,,Not contacted,,
A,Milwaukee metro,Oconomowoc Golf Club,Oconomowoc,Semi-private,,,,"Does outings, weddings and catering: events-heavy.",,,,,Not contacted,,
A,Milwaukee metro,Paganica Golf Club,Oconomowoc,Public,,,,,,,,,Not contacted,,
A,Milwaukee metro,Songbird Hills Golf Club,Waukesha County,Public,https://golfsongbird.com/outings/index.html,,,"Full outing services (scoring, PA, prize tables).",,,,,Not contacted,,
A,Milwaukee metro,The Bog,Saukville,Public,,,,Arnold Palmer design. Has 'The Barn at The Bog' event venue: outings + weddings.,,,,,Not contacted,,
A,Milwaukee metro,The Club at Lac La Belle,Oconomowoc,Public,,,,,,,,,Not contacted,,
A,Milwaukee metro,West Bend Lakes Golf Club,West Bend,Public,,,,,,,,,Not contacted,,
A,Milwaukee metro,Western Lakes Golf Club,Pewaukee,Public,https://westernlakes.com/golf-outings/,,,Packages $44-70/golfer. Hosts the Delafield/Hartland chamber outing. Check if run by Milwaukee Golf Company.,,,,,Not contacted,,
A,Northwoods,Eagle River Golf Course,Eagle River,Public,,,,,,,,,Not contacted,,
A,Northwoods,Minocqua Country Club,Minocqua,Semi-private,,,,,,,,,Not contacted,,
A,Northwoods,Plum Lake Golf Club,Sayner,Public,,,,,,,,,Not contacted,,
A,Northwoods,St. Germain Golf Club,St. Germain,Public,,,,"Short season, lots of tourist groups.",,,,,Not contacted,,
A,Northwoods,Timber Ridge Golf Club,Minocqua,Public,,,,,,,,,Not contacted,,
A,Northwoods,Trout Lake Golf Club,Arbor Vitae,Public,,,,,,,,,Not contacted,,
A,Oshkosh / Fond du Lac / Sheboygan,Far Vu Golf Course,Oshkosh,Public,,,,,,,,,Not contacted,,
A,Oshkosh / Fond du Lac / Sheboygan,Oshkosh Country Club,Oshkosh,Semi-private,https://oshkoshcountryclub.com/golf/,920-231-1078,,Takes outing inquiries.,,,,,Not contacted,,
A,Oshkosh / Fond du Lac / Sheboygan,Rolling Meadows Golf Course,Fond du Lac,"Public, 27 holes",https://rollingmeadowsgolfcourse.com/,,,Hosts many charity outings: rebooking pitch fits well.,,,,,Not contacted,,
A,Oshkosh / Fond du Lac / Sheboygan,Sunset Hills Golf Course,Sheboygan Falls,Public,,,,,,,,,Not contacted,,
A,Oshkosh / Fond du Lac / Sheboygan,Utica Golf Club,Oshkosh,Public,,,,,,,,,Not contacted,,
A,Oshkosh / Fond du Lac / Sheboygan,Westhaven Golf Club,Oshkosh,Public,,,,,,,,,Not contacted,,
A,Oshkosh / Fond du Lac / Sheboygan,Whispering Springs Golf Club,Fond du Lac,Public,https://whisperingspringsgolf.com/,,,Has a banquet hall for outings.,,,,,Not contacted,,
A,Racine / Kenosha / Lake Geneva,Hawk's View Golf Club,Lake Geneva,Public,https://www.hawksviewgolfclub.com/,,,Groups of 16+. Big Chicago-area outing market.,,,,,Not contacted,,
A,Racine / Kenosha / Lake Geneva,Meadowbrook Country Club,Mount Pleasant,Semi-private,,262-898-9900 ext 3,,Outing quote line listed publicly.,,,,,Not contacted,,
A,West (Eau Claire / La Crosse / Hudson),Forest Hills Golf Course,La Crosse,Public,https://foresthillsgolf.org/outings/,,,,,,,,Not contacted,,
A,West (Eau Claire / La Crosse / Hudson),Fox Hollow Golf Course & Event Center,La Crosse County,Public,https://www.foxhollowgolfandevents.com/,,,"10,000 sq ft event center: big on events.",,,,,Not contacted,,
A,West (Eau Claire / La Crosse / Hudson),Hudson Golf Club,Hudson,Semi-private,,,,,,,,,Not contacted,,
A,West (Eau Claire / La Crosse / Hudson),Kilkarney Hills Golf Course,River Falls,Public,https://www.kilkarneyhills.com/,,,Banquet facility. Corporate and charity outings.,,,,,Not contacted,,
A,West (Eau Claire / La Crosse / Hudson),New Richmond Golf Club,New Richmond,Semi-private,,715-246-6724,,Banquet rooms. Twin Cities corporate market.,,,,,Not contacted,,
A,West (Eau Claire / La Crosse / Hudson),Princeton Valley Golf Course,Eau Claire,"Public, 9 holes",https://www.princetonvalleygolf.com/outings/tournaments,,,Dining for 150.,,,,,Not contacted,,
A,West (Eau Claire / La Crosse / Hudson),The Hollow Golf Club,River Falls,Public,https://cliftonhollow.com/,,,,,,,,Not contacted,,
A,West (Eau Claire / La Crosse / Hudson),White Eagle Golf Club,Hudson,Semi-private,,,,Also does weddings.,,,,,Not contacted,,
B,Central (Stevens Point / Wausau),SentryWorld,Stevens Point,Resort-style public,https://www.sentryworld.com/golf/tee-times-and-rates,715-345-1600,,Premium course with its own staff.,,,,,Not contacted,,
B,Door County / Manitowoc,Horseshoe Bay Golf Club,Egg Harbor,Private,,,,,,,,,Not contacted,,
B,Fox Valley / Green Bay,North Shore Golf Club,Menasha,Private,,,,,,,,,Not contacted,,
B,Fox Valley / Green Bay,Riverview Country Club,Appleton,Private,,,,,,,,,Not contacted,,
B,Fox Valley / Green Bay,Thornberry Creek at Oneida,Oneida,"Public, 27 holes",,,,Hosted an LPGA event. Owned by the Oneida Nation: larger organization.,,,,,Not contacted,,
B,Madison,Bishops Bay Country Club,Middleton,Private,,,,,,,,,Not contacted,,
B,Madison,Stoughton Country Club,Stoughton,Private / semi-private,,,,,,,,,Not contacted,,
B,Madison,University Ridge Golf Course,Verona,University-owned,,,,Robert Trent Jones Jr. design.,,,,,Not contacted,,
B,Milwaukee metro,Erin Hills,Erin,Resort,,,,2017 U.S. Open host. Has its own sales staff: harder sale.,,,,,Not contacted,,
B,Milwaukee metro,Wisconsin Indoor Golf Center,Waukesha,Indoor simulators,https://www.wisconsinindoorgolfcenter.com/,,,Corporate outings in winter. Future expansion niche.,,,,,Not contacted,,
B,Oshkosh / Fond du Lac / Sheboygan,Blackwolf Run,Kohler,Resort,,,,Destination Kohler resort: own sales staff.,,,,,Not contacted,,
B,Racine / Kenosha / Lake Geneva,Alpine Valley Resort,Elkhorn,"Resort, 27 holes",,,,Has banquet facilities.,,,,,Not contacted,,
B,Racine / Kenosha / Lake Geneva,Grand Geneva Resort,Lake Geneva,Resort,https://www.grandgeneva.com/golf/group-outings,,,Groups 12-300. Resort sales team.,,,,,Not contacted,,
C,Door County / Manitowoc,Peninsula State Park Golf Course,Ephraim,Public (state park),https://www.peninsulagolf.org/outings/events,,,,,,,,Not contacted,,
C,Fox Valley / Green Bay,Brown County Golf Course,Oneida,County-owned,,,,,,,,,Not contacted,,
C,Fox Valley / Green Bay,Reid Golf Course,Appleton,City-owned,,920-832-5926,,,,,,,Not contacted,,
C,Janesville / Beloit,Krueger-Haskell Golf Course,Beloit,City-owned,,,,,,,,,Not contacted,,
C,Janesville / Beloit,Riverside Golf Course,Janesville,City-owned,,608-757-3080,,,,,,,Not contacted,,
C,Madison,City of Madison Golf (4 courses),Madison,City system,https://www.cityofmadison.com/parks/golf/outings-leagues,,,Groups 24-288. Government buyer: later.,,,,,Not contacted,,
C,Milwaukee metro,Milwaukee County Parks Golf (13 courses),Milwaukee,County system,https://mke.golf/outings-rentals/book-an-outing/,,,"Brown Deer, Whitnall, Dretzka and more. Outings up to 144. Government buying is slow: later.",,,,,Not contacted,,
C,Milwaukee metro,Washington County Golf Course,Hartford,County-owned,,,,6439 Clover Rd. Arthur Hills design.,,,,,Not contacted,,
C,Milwaukee metro,Waukesha County Parks Golf,Waukesha County,County system,https://www.waukeshacounty.gov/parks-and-land-use/parks-and-recreation/golf/golf-outings/,,,Government buyer: later.,,,,,Not contacted,,
C,Northwoods,Northwood Golf Club,Rhinelander,City-owned,https://northwoodgolfclub.com/,,,,,,,,Not contacted,,
C,Racine / Kenosha / Lake Geneva,Brighton Dale Links,Kenosha County,"County-owned, 45 holes",,,,,,,,,Not contacted,,
C,Racine / Kenosha / Lake Geneva,Ives Grove Golf Links,Sturtevant,"County-owned, 27 holes",https://www.ivesgrovegl.com/tournaments/,,,27 holes = outings and daily play at once.,,,,,Not contacted,,
C,Racine / Kenosha / Lake Geneva,Johnson Park Golf Course,Racine,City-owned,https://www.johnsonparkgc.com/,,,,,,,,Not contacted,,
C,Racine / Kenosha / Lake Geneva,Petrifying Springs Golf Course,Kenosha,County-owned,https://www.petrifyingspringsgolf.com/outings-events,,,,,,,,Not contacted,,
